filename,label,original_url
01_121clicks-com.png,121clicks.com,https://121clicks.com/wp-content/uploads/2016/12/121clicks_logo_small.png
02_121clicks-com.png,121clicks.com,https://121clicks.com/wp-content/uploads/2016/12/121clicks_logo_small.png
03_121clicks-com.png,121clicks.com,https://121clicks.com/wp-content/uploads/2016/12/121_transparent_logo.png
04_image-4.jpg,,https://121clicks.com/wp-content/uploads/2022/01/most_beautiful_places_nature_01.jpg
05_image-5.jpg,,https://121clicks.com/wp-content/uploads/2022/01/most_beautiful_places_nature_02.jpg
06_image-6.jpg,,https://121clicks.com/wp-content/uploads/2022/01/most_beautiful_places_nature_03.jpg
07_image-7.jpg,,https://121clicks.com/wp-content/uploads/2022/01/most_beautiful_places_nature_04.jpg
08_image-8.jpg,,https://121clicks.com/wp-content/uploads/2022/01/most_beautiful_places_nature_05.jpg
09_image-9.jpg,,https://121clicks.com/wp-content/uploads/2022/01/most_beautiful_places_nature_06.jpg
10_image-10.jpg,,https://121clicks.com/wp-content/uploads/2022/01/most_beautiful_places_nature_07.jpg
11_image-11.jpg,,https://121clicks.com/wp-content/uploads/2022/01/most_beautiful_places_nature_08.jpg
12_image-12.jpg,,https://121clicks.com/wp-content/uploads/2022/01/most_beautiful_places_nature_09.jpg
13_image-13.jpg,,https://121clicks.com/wp-content/uploads/2022/01/most_beautiful_places_nature_10.jpg
14_image-14.jpg,,https://121clicks.com/wp-content/uploads/2022/01/most_beautiful_places_nature_11.jpg
15_image-15.jpg,,https://121clicks.com/wp-content/uploads/2022/01/most_beautiful_places_nature_12.jpg
16_image-16.jpg,,https://121clicks.com/wp-content/uploads/2022/01/most_beautiful_places_nature_13.jpg
17_image-17.jpg,,https://121clicks.com/wp-content/uploads/2022/01/most_beautiful_places_nature_14.jpg
18_image-18.jpg,,https://121clicks.com/wp-content/uploads/2022/01/most_beautiful_places_nature_15.jpg
19_image-19.jpg,,https://121clicks.com/wp-content/uploads/2022/01/most_beautiful_places_nature_16.jpg
20_image-20.jpg,,https://121clicks.com/wp-content/uploads/2022/01/most_beautiful_places_nature_17.jpg
21_image-21.jpg,,https://121clicks.com/wp-content/uploads/2022/01/most_beautiful_places_nature_18.jpg
22_image-22.jpg,,https://121clicks.com/wp-content/uploads/2022/01/most_beautiful_places_nature_19.jpg
23_image-23.jpg,,https://121clicks.com/wp-content/uploads/2022/01/most_beautiful_places_nature_20.jpg
24_image-24.jpg,,https://121clicks.com/wp-content/uploads/2022/01/most_beautiful_places_nature_21.jpg
25_image-25.jpg,,https://121clicks.com/wp-content/uploads/2022/01/most_beautiful_places_nature_22.jpg
26_image-26.jpg,,https://121clicks.com/wp-content/uploads/2022/01/most_beautiful_places_nature_23.jpg
27_image-27.jpg,,https://121clicks.com/wp-content/uploads/2022/01/most_beautiful_places_nature_24.jpg
28_image-28.jpg,,https://121clicks.com/wp-content/uploads/2022/01/most_beautiful_places_nature_25.jpg
29_image-29.jpg,,https://121clicks.com/wp-content/uploads/2022/01/most_beautiful_places_nature_26.jpg
30_image-30.jpg,,https://121clicks.com/wp-content/uploads/2022/01/most_beautiful_places_nature_27.jpg
31_image-31.jpg,,https://121clicks.com/wp-content/uploads/2022/01/most_beautiful_places_nature_28.jpg
32_image-32.jpg,,https://121clicks.com/wp-content/uploads/2022/01/most_beautiful_places_nature_29.jpg
33_image-33.jpg,,https://121clicks.com/wp-content/uploads/2022/01/most_beautiful_places_nature_30.jpg
34_edge-of-reality-through-surreal-minimalism-by-marcus-wallinder.jpg,Edge of Reality Through Surreal Minimalism by Marcus Wallinder,https://121clicks.com/wp-content/uploads/2025/05/surreal-minimalism-art-marcus-wallinder-featured.jpg
35_hilarious-animal-photos-that-will-make-you-laugh-out-loud.jpg,Hilarious Animal Photos That Will Make You Laugh Out Loud,https://121clicks.com/wp-content/uploads/2025/05/hilarious-animal-photos-featured.jpg
36_norway-is-one-of-the.jpg,Norway Is One of the,https://121clicks.com/wp-content/uploads/2025/05/norway-beautiful-place-on-earth-featured.jpg
37_related-posts.png,Related Posts,https://121clicks.com/wp-content/uploads/2016/12/121_transparent_logo.png
